isan,title,genre_id,release_year,poster,trailer,summary
0000-0000-54C4-0000-M-0000-0000-8,Bottle Rocket,7,1996,0000-0000-54C4-0000-M-0000-0000-8.jpg,https://www.youtube.com/watch?v=JJPQ-NnjZR0,"A peine sorti de l'hôpital où il était traité pour dépression, Anthony rejoint son ami Dignan. Les deux hommes imaginent un plan de casse."
0000-0001-096B-0000-E-0000-0000-W,La Famille Tenenbaum,7,2001,0000-0001-096B-0000-E-0000-0000-W.jpg,https://www.youtube.com/watch?v=caMgokYWboU,"Chez les Tenenbaum, les enfants ont toujours été des génies. Tout jeunes, Chas était déjà un maître de la finance, Margot une dramaturge exceptionnelle et Richie un joueur de tennis hors pair. Mais un jour, Etheline, leur mère, demande le divorce. Elle ne supporte plus le caractère égoïste de Royal Tenenbaum, son mari. Cette crise familiale a une influence négative sur le développement personnel de leurs progénitures.Vingt ans plus tard, Royal écume les palaces, Etheline s'adonne à l'archéologie, Chas tente d'élever ses deux fils après la mort de son épouse, Richie est un champion déchu et Margot s'est marié avec un psy. Le père Tenenbaum annonce bientôt à ses enfants qu'il ne lui reste plus longtemps à vivre. Il souhaite se réconcilier avec eux et s'invite dans la maison familiale en prétextant une grave maladie."
0000-0000-2421-0000-9-0000-0000-A,Rushmore,7,1998,0000-0000-2421-0000-9-0000-0000-A.jpg,https://www.youtube.com/watch?v=6ZVdXXG3KN8,"Les mésaventures de Max Fischer, élève de la Rushmore Academy. Personnage hors normes, génie fougueux et brouillon, Max ne peut fournir qu'un minimum d'efforts à ses études et s'est résigné à devenir l'un des pires cancres de son établissement. En dépit de ses échecs scolaires et des admonestations répétées de son directeur, Rushmore n'en reste pas moins à ses yeux un paradis et un sanctuaire idéal pour exercer en toute liberté son inlassable créativité."
0000-0001-0692-0000-N-0000-0000-5,La Vie aquatique,7,2004,0000-0001-0692-0000-N-0000-0000-5.jpg,https://www.youtube.com/watch?v=UpU0DZXTGA0,"Steve Z., le chef de l'équipe océanographique ""Team Zissou"", sait que l'expédition qu'il conduit est sans doute la dernière, et son plus cher désir est de graver son nom dans l'Histoire. Parmi les membres de son équipe figurent Ned Plimpton, qui est peut-être - ou peut-être pas - son fils, Jane Winslett-Richardson, une journaliste enceinte dépêchée par le magazine Oceanographic Explorer, et Eleanor, sa femme, que l'on prétend être ""le cerveau de la Team Zissou"". Tandis qu'ils affrontent tous les dangers, depuis une mutinerie jusqu'à l'attaque de pirates en passant par un ""requin jaguar"" plus ou moins imaginaire, Zissou est bien forcé d'admettre que tout ne peut pas être planifié comme il l'aimerait."
0000-0001-AAC8-0000-I-0000-0000-K,A bord du Darjeeling Limited,7,2007,0000-0001-AAC8-0000-I-0000-0000-K.jpg,https://www.youtube.com/watch?v=B2R7O2IlndM,"Trois frères qui ne se sont pas parlé depuis la mort de leur père décident de faire ensemble un grand voyage en train à travers l'Inde afin de renouer les liens d'autrefois. Pourtant, la ""quête spirituelle"" de Francis, Peter et Jack va vite dérailler, et ils se retrouvent seuls, perdus au milieu du désert avec onze valises, une imprimante, une machine à plastifier et beaucoup de comptes à régler avec la vie... Dans ce pays magique dont ils ignorent tout, c'est alors un autre voyage qui commence, riche en imprévus, une odyssée qu'aucun d'eux ne pouvait imaginer, une véritable aventure d'amitié et de fraternité."
0000-0001-DB1F-0000-9-0000-0000-A,Fantastic Mr. Fox,24,2009,0000-0001-DB1F-0000-9-0000-0000-A.jpg,https://www.youtube.com/watch?v=n2igjYFojUo,"M. Fox, le plus rusé des voleurs de poules, sa femme, Mme Fox, Ash, son fils, le cousin Kristofferson et tous les autres animaux de la forêt défient trois odieux fermiers. Ils vont vivre la plus périlleuse et délirante des aventures."
0000-0003-38AA-0000-N-0000-0000-5 ,Moonrise Kingdom,7,2012,0000-0003-38AA-0000-N-0000-0000-5.jpg,https://www.youtube.com/watch?v=0t-LTyKcAq0,"Sur une île au large de la Nouvelle-Angleterre, au coeur de l’été 1965, Suzy et Sam, douze ans, tombent amoureux, concluent un pacte secret et s’enfuient ensemble. Alors que chacun se mobilise pour les retrouver, une violente tempête s’approche des côtes et va bouleverser davantage encore la vie de la communauté."
0000-0003-C1F5-0000-0-0000-0000-3,The Grand Budapest Hotel,7,2014,0000-0003-C1F5-0000-0-0000-0000-3.jpg,https://www.youtube.com/watch?v=JN5sqSEXxm4,"Le film retrace les aventures de Gustave H, l’homme aux clés d’or d’un célèbre hôtel européen de l’entre-deux-guerres et du garçon d’étage Zéro Moustafa, son allié le plus fidèle. La recherche d’un tableau volé, oeuvre inestimable datant de la Renaissance et un conflit autour d’un important héritage familial forment la trame de cette histoire au coeur de la vieille Europe en pleine mutation."
0000-0004-C059-0000-G-0000-0000-Q ,L’île aux chiens,24,2018,0000-0004-C059-0000-G-0000-0000-Q.jpg,https://www.youtube.com/watch?v=YiBMvLEYC4o,"Lorsqu’une épidémie de grippe canine envahit la ville japonaise de Megasaki et menace de contaminer les hommes, le maire ordonne la mise en quarantaine de tous les chiens. L’île poubelle devient : l’île aux Chiens. Un jeune garçon de 12 ans, Atari, se rend sur place à la recherche de son chien perdu, Spots. C’est alors qu’il fait la découverte, à l’aide d’une meute de cinq chiens, d’une conspiration qui menace la ville."
0000-0005-E228-0000-X-0000-0000-C ,The French Dispatch,7,2021,0000-0005-E228-0000-X-0000-0000-C.jpg,https://www.youtube.com/watch?v=JtqVQEdrySI,"Le journal américain The Evening Sun de Liberty dans le Kansas possède une antenne nommée The French Dispatch à Ennui-sur-Blasé, une ville française fictive évoquant Paris dans les années 1950-60. Arthur Howitzer Jr., le rédacteur en chef du French Dispatch, meurt subitement d'une crise cardiaque. Selon les souhaits exprimés dans son testament, la publication du journal est immédiatement suspendue après un dernier numéro d'adieu, dans lequel trois articles des éditions précédentes du journal sont republiés, ainsi qu'une nécrologie : Les trois articles traitent de Moses Rosenthaler, un détenu psychopathe qui se révèle être un grand artiste peintre, des évènements de Mai 68 et enfin d'une enquête gastronomique qui vire au polar."
0000-0006-E143-0000-E-0000-0000-W ,Asteroid City,7,2023,0000-0006-E143-0000-E-0000-0000-W.jpg,https://www.youtube.com/watch?v=JGQS3c7rrt8,"Une convention d'astronomie se déroule dans une ville désertique des années 1950. Plusieurs étudiants et leurs parents s'y rencontrent et leurs connaissances, leurs expériences et leurs vies se chevauchent de manière inattendue."
0000-0001-BFFF-0000-B-0000-0000-4,Le Kid,1,1921,0000-0001-BFFF-0000-B-0000-0000-4.jpg,https://www.youtube.com/watch?v=UBX2Yy2dqg4,"Un vagabond recueille un enfant abandonné par sa jeune mère qui, quelques années plus tard, est prise de remords et tente de retrouver son fils."
0000-0004-DCDE-0000-V-0000-0000-I ,L’Opinion publique,1,1924,0000-0004-DCDE-0000-V-0000-0000-I.jpg,,"Marie Saint-Clair et Jean Millet, devant le refus de leurs parents respectifs, decident de s'enfuir pour se marier. Ils doivent se retrouver a la gare. Mais Jean est retenu au dernier moment par son pere qui vient de subir une attaque cardiaque. Marie part seule. Un an plus tard, a Paris, ils se retrouvent par hasard. Marie est devenue la maitresse d'un homme d'affaires. Les deux jeunes gens s'aiment toujours et Marie decide de quitter son protecteur. C'est alors qu'elle surprend une conversation entre Jean et sa mere qui s'oppose categoriquement a cette union."
0000-0001-EB66-0000-Y-0000-0000-9,La Ruée vers l’or,5,1925,0000-0001-EB66-0000-Y-0000-0000-9.jpg,,Le célèbre assaut pour tout l'or de l'Oklahoma vu par l'un des maîtres du burlesque américain.
0000-0000-12C7-0000-M-0000-0000-8,Le Cirque,5,1928,0000-0000-12C7-0000-M-0000-0000-8.jpg,https://www.youtube.com/watch?v=V0mfJ0RXvV0,"Charlot, pris pour un pickpocket, se réfugie dans un cirque et déboule sur la piste en plein spectacle. Son arrivée fait rire le public et le directeur l'engage aussitôt comme clown. Charlot devient amoureux de l'écuyère mais son rival le fait renvoyer."
0000-0000-12D8-0000-5-0000-0000-M,Les Lumières de la ville,5,1931,0000-0000-12D8-0000-5-0000-0000-M.jpg,https://www.youtube.com/watch?v=7vl7F8S4cpQ,"Un vagabond s’éprend d’une belle et jeune vendeuse de fleurs aveugle qui vit avec sa mère, couverte de dettes. Suite à un quiproquo, la fleuriste s’imagine le misérable, qui vient de lui acheter une fleur, en milliardaire."
0000-0000-48E3-0000-3-0000-0000-S,Les Temps modernes,5,1936,0000-0000-48E3-0000-3-0000-0000-S.jpg,https://www.youtube.com/watch?v=gWsU67J-qUc,"Charlot est ouvrier dans une gigantesque usine. Il resserre quotidiennement des boulons. Mais les machines, le travail à la chaîne le rendent malade, il abandonne son poste, recueille une orpheline et vit d'expédients. Le vagabond et la jeune fille vont s'allier pour affronter ensemble les difficultés de la vie."
0000-0000-F69E-0000-L-0000-0000-B ,Le Dictateur,5,1940,0000-0000-F69E-0000-L-0000-0000-B.jpg,https://www.youtube.com/watch?v=i2YinwcgpaA,"Dans le ghetto juif vit un petit barbier qui ressemble énormément à Adenoid Hynkel, le dictateur de Tomania qui a décidé l'extermination du peuple juif. Au cours d'une rafle, le barbier est arrêté en compagnie de Schultz, un farouche adversaire d'Hynkel."
0000-0000-4DDC-0000-R-0000-0000-U,Monsieur Verdoux,8,1947,0000-0000-4DDC-0000-R-0000-0000-U.jpg,https://www.youtube.com/watch?v=eND72dzh7EU,"Marié et père d’un jeune garçon, Henri Verdoux, qui est employé de banque, se trouve soudain sans travail. Son expérience lui permet de se lancer dans des opérations boursières dont le financement lui est assuré par des femmes mûres qu’il épouse avant de les faire disparaître."
0000-0000-438A-0000-0-0000-0000-3 ,Les Feux de la rampe,1,1952,0000-0000-438A-0000-0-0000-0000-3.jpg,https://www.youtube.com/watch?v=I7KZbxd-_3k,Un comique du music-hall déchu se prend d'affection pour une jeune danseuse paralysée.
0000-0000-42C4-0000-Q-0000-0000-X,Un Roi à New York,1,1957,0000-0000-42C4-0000-Q-0000-0000-X.jpg,,"Chassé de son pays, l'Estrovie, le roi Shahdov a choisi, comme des millions d'exilés avant lui, de se réfugier aux Etats-Unis, la nouvelle Terre promise. Dès son arrivée, les autorités prennent ses empreintes digitales. Les déboires du roi déchu ne font que commencer. Il fait la connaissance d'Ann Kay, qui travaille à la télévision, et participe bientôt, contre son gré, à une vulgaire émission publicitaire. Plus tard, visitant une maison de redressement, il se lie d'amitié avec un malheureux gamin doué d'une conscience politique précoce. Cette rencontre, elle non plus, ne lui portera pas chance."
0000-0000-16D7-0000-B-0000-0000-4,La Comtesse de Hong Kong,7,1967,0000-0000-16D7-0000-B-0000-0000-4.jpg,,"Ogden Mears est un ambassadeur américain qui découvre, cachée dans sa cabine de bateau, une comtesse russe. Elle veut aller aux Etats-Unis. Mears va tomber amoureux, mais sa femme l'attend à Hawaï."
0000-0001-4E7D-0000-3-0000-0000-S,Fenêtre sur cour,8,1954,0000-0001-4E7D-0000-3-0000-0000-S.jpg,https://www.youtube.com/watch?v=GRtW95YmXmg,"A cause d'une jambe cassée, le reporter-photographe L. B. Jefferies est contraint de rester chez lui dans un fauteuil roulant. Homme d'action et amateur d'aventures, il s'aperçoit qu'il peut tirer parti de son immobilité forcée en étudiant le comportement des habitants de l'immeuble qu'il occupe dans Greenwich Village. Et ses observations l'amènent à la conviction que Lars Thorwald, son voisin d'en face, a assassiné sa femme. Sa fiancée, Lisa Fremont, ne le prend tout d'abord pas au sérieux, ironisant sur l'excitation que lui procure sa surveillance, mais finit par se prendre au jeu."
0000-0001-8E2A-0000-2-0000-0000-V,La Main au collet,8,1955,0000-0001-8E2A-0000-2-0000-0000-V.jpg,https://www.youtube.com/watch?v=6LNQXjKFKwU,"John Robie, cambrioleur assagi, goûte une retraite dorée sur la Côte d'Azur. Le paysage s'assombrit lorsqu'un voleur, utilisant ses méthodes,  le désigne tout naturellement comme le suspect numéro 1. La milliardaire Mme Stevens et sa fille Frances sont des appâts de choix que veut utiliser Le chat, mais la belle Frances n'est pas indifférente à l'ancien cambrioleur."
0000-0000-D454-0000-N-0000-0000-5,Sueurs froides,22,1958,0000-0000-D454-0000-N-0000-0000-5.jpg,https://www.youtube.com/watch?v=Z5jvQwwHQNY,"Scottie est sujet au vertige, ce qui lui porte préjudice dans son métier de policier. Rendu responsable de la mort d'un de ses collègues, il décide de quitter la police. Une ancienne relation le contacte afin qu'il suive sa femme, possédée selon lui par l'esprit de son aïeule. Scottie s'éprend de la jeune femme et se trouve ballotté par des événements qu'il ne peut contrôler."
0000-0000-4CC3-0000-Q-0000-0000-X,La Mort aux trousses,10,1959,0000-0000-4CC3-0000-Q-0000-0000-X.jpg,https://www.youtube.com/watch?v=P6ftFG7xC4M,"Le publiciste Roger Tornhill se retrouve par erreur dans la peau d'un espion. Pris entre une mystérieuse organisation qui cherche à le supprimer et la police qui le poursuit, Tornhill est dans une situation bien inconfortable. Il fuit à travers les Etats-Unis et part à la recherche d'une vérité qui se révèlera très surprenante."
0000-0000-5089-0000-B-0000-0000-4,Psychose,16,1960,0000-0000-5089-0000-B-0000-0000-4.jpg,https://www.youtube.com/watch?v=BwVKSGu8wEA,"Marion Crane en a assez de ne pouvoir mener sa vie comme elle l'entend. Son travail ne la passionne plus, son amant ne peut l'épouser car il doit verser une énorme pension alimentaire le laissant sans le sou... Mais un beau jour, son patron lui demande de déposer 40 000 dollars à la banque. La tentation est trop grande, et Marion s'enfuit avec l'argent."
0000-0000-EF85-0000-W-0000-0000-F ,Les Oiseaux,16,1963,0000-0000-EF85-0000-W-0000-0000-F.jpg,https://www.youtube.com/watch?v=lCxR7dlavwg,"Melanie, jeune femme quelque peu superficielle, rencontre chez un marchand d'oiseaux un brillant et séduisant avocat qui recherche des inséparables. Par jeu, Melanie achète les oiseaux et les apporte à Bodega Bay. Dès son arrivée, elle est blessée au front par une mouette."
0000-0000-186B-0000-1-0000-0000-Y ,"Le Bon, la brute et le truand",23,1966,0000-0000-186B-0000-1-0000-0000-Y.jpg,https://www.youtube.com/watch?v=IFNUGzCOQoI,"Pendant la guerre de Sécession, Tuco et Joe se lancent à la recherche d'un coffre contenant 200 000 dollars en pièces d'or volés à l'armée sudiste. Ayant des indices complémentaires sur la cache, chacun a besoin de l'autre. Mais un troisième homme entre dans la course : Sentenza, un tueur qui ne recule devant rien pour parvenir à ses fins."
0000-0001-4894-0000-1-0000-0000-Y ,Apocalypse Now,14,1979,0000-0001-4894-0000-1-0000-0000-Y.jpg,https://www.youtube.com/watch?v=FTjG-Aux_yQ,"Cloîtré dans une chambre d'hôtel de Saïgon, le jeune capitaine Willard, mal rasé et imbibé d'alcool, est sorti de sa prostration par une convocation de l'état-major américain. Le général Corman lui confie une mission qui doit rester secrète : éliminer le colonel Kurtz, un militaire aux méthodes quelque peu expéditives et qui sévit au-delà de la frontière cambodgienne."
0000-0001-4669-0000-Z-0000-0000-6 ,Le Parrain,13,1972,0000-0001-4669-0000-Z-0000-0000-6.jpg,https://www.youtube.com/watch?v=UaVTIH8mujA,"La Seconde Guerre mondiale vient de s'achever. A New York, le ""parrain"" Don Corleone, l'un des chefs respectés de la mafia, se sent vieillir. Il refuse de s'adapter à son temps et de se lancer, comme ses pairs, dans le trafic de drogue. Une frilosité qui entrave la bonne marche des affaires des autres ""familles"" et qui lui vaut d'être la cible d'un attentat. Don Corleone survit à ses blessures, mais reste très diminué. Mike, son plus jeune fils, qui jusque-là se tenait à l'écart des affaires de son père, devient le plus dévoué de ses héritiers."
0000-0000-14A9-0000-K-0000-0000-E,Blade Runner,20,1982,0000-0000-14A9-0000-K-0000-0000-E.jpg,https://www.youtube.com/watch?v=FfRPKYwsFNg,"2019, Los Angeles. La Terre est surpeuplée et l’humanité est partie coloniser l’espace. Les nouveaux colons sont assistés de Replicants, androïdes que rien ne peut distinguer de l'être humain. Conçus comme de nouveaux esclaves, certains parmi les plus évolués s’affranchissent de leurs chaînes et s’enfuient. Rick Deckard, un ancien Blade Runner, catégorie spéciale de policiers chargés de ""retirer"" ces replicants, accepte une nouvelle mission consistant à retrouver quatre de ces individus qui viennent de regagner la Terre après avoir volé une navette spatiale."
0000-0000-3947-0000-E-0000-0000-W,Le Mépris,1,1963,0000-0000-3947-0000-E-0000-0000-W.jpg,https://www.youtube.com/watch?v=kJe2nCXmCD0,"Le scénariste Paul Javal mène une vie heureuse avec sa femme Camille. Un jour, le célèbre producteur américain Jeremy Prokosch lui propose de travailler à une adaptation de l’Odyssée, réalisée par Fritz Lang à Cinecittà. Le couple se rend alors sur les lieux du tournage et rencontre l’équipe. Prokosch fait bientôt des avances à Camille sous les yeux de Paul. Cette tentative de séduction va sonner le glas de leur couple."
0000-0000-7D39-0000-W-0000-0000-F ,Eraserhead ,11,1977,0000-0000-7D39-0000-W-0000-0000-F.jpg,https://www.youtube.com/watch?v=7WAzFWu2tVw,"Un homme est abandonné par son amie qui lui laisse la charge d'un enfant prématuré, fruit de leur union. Il s'enfonce dans un univers fantasmatique pour fuir cette cruelle réalité."
0000-0000-3786-0000-9-0000-0000-A,Elephant Man,1,1980,0000-0000-3786-0000-9-0000-0000-A.jpg,https://www.youtube.com/watch?v=AF9gNKJi79g,"Londres, 1884. Le chirurgien Frederick Treves découvre un homme complètement défiguré et difforme, devenu une attraction de foire. John Merrick, ""le monstre"", doit son nom de Elephant Man au terrible accident que subit sa mère. Alors enceinte de quelques mois, elle est renversée par un éléphant."
0000-0000-1688-0000-Z-0000-0000-6,Blue Velvet,8,1986,0000-0000-1688-0000-Z-0000-0000-6.jpg,https://www.youtube.com/watch?v=yKdztrUft-c,"Epaulé par son amie Sandy, Jeffrey, un jeune homme, mène son enquête concernant une oreille humaine trouvée dans un terrain vague. Il croise sur son chemin Dorothy Vallens, une mystérieuse chanteuse de cabaret."
0000-0000-6BA2-0000-O-0000-0000-2,Sailor et Lula,18,1990,0000-0000-6BA2-0000-O-0000-0000-2.jpg,https://www.youtube.com/watch?v=dQIdBfrF0Ik,"Sailor et Lula, deux jeunes amoureux, fuient Marietta, la mère de la jeune fille qui s’oppose à leurs amours, ainsi que toute une série de personnages dangereux et mystérieux qui les menacent."
0000-0000-52D2-0000-T-0000-0000-O,Lost Highway,22,1997,0000-0000-52D2-0000-T-0000-0000-O.jpg,https://www.youtube.com/watch?v=1nKjO9QCSic,"Un bunker chic et silencieux assis sur les collines de Los Angeles. Un couple - Fred, saxophoniste dépressif et Renée - reçoit une cassette vidéo de la façade de leur maison. Puis une seconde, filmée depuis leur chambre, où on les voit dormir. Puis une dernière, qui suggère, dans un déferlement de sang, que Fred aurait assassiné Renée."
0000-0000-1EAC-0000-D-0000-0000-Z,Mulholland drive,22,2001,0000-0000-1EAC-0000-D-0000-0000-Z.jpg,https://www.youtube.com/watch?v=jbZJ487oJlY,"A Hollywood, durant la nuit, Rita, une jeune femme, devient amnésique suite à un accident de voiture sur la route de Mulholland Drive. Elle fait la rencontre de Betty Elms, une actrice en devenir qui vient juste de débarquer à Los Angeles. Aidée par celle-ci, Rita tente de retrouver la mémoire ainsi que son identité."
0000-0000-2E37-0000-R-0000-0000-U,L’Exorciste,16,1974,0000-0000-2E37-0000-R-0000-0000-U.jpg,https://www.youtube.com/watch?v=YDGw1MTEe9k,"Regan, une adolescente, présente depuis quelque temps d’étranges symptômes... Après avoir épuisé les solutions médicales, la mère de Regan consulte un prêtre-psychiatre qui est rapidement convaincu que Regan est possédée et que seul un exorcisme pourra la ""guérir""."
0000-0000-4F8F-0000-W-0000-0000-F,Les Sentiers de la gloire,14,1957,0000-0000-4F8F-0000-W-0000-0000-F.jpg,https://www.youtube.com/watch?v=nmDA60X-f_A,"En 1916, durant la Première Guerre mondiale, le général français Broulard ordonne au général Mireau de lancer une offensive suicidaire contre une position allemande imprenable, surnommée la ""Fourmilière"". Au moment de l'attaque, les soldats tombent par dizaines et leurs compagnons, épuisés, refusent d'avancer."
0000-0000-485D-0000-5-0000-0000-M,Lolita,1,1962,0000-0000-485D-0000-5-0000-0000-M.jpg,https://www.youtube.com/watch?v=ihZ-aIJj6-g,"L'écrivain Humbert Humbert vient d'obtenir une chaire de littérature française à l'université de Ramsdale. Il trouve une chambre chez une jeune veuve, Charlotte Haze, qui tombe rapidement amoureuse de lui. Mais les yeux d'Humbert ne voient que Lolita, l'aguichante et troublante fille de Charlotte."
0000-0000-328F-0000-X-0000-0000-C ,Dr Folamour,7,1964,0000-0000-328F-0000-X-0000-0000-C.jpg,https://www.youtube.com/watch?v=jPU1AYTxwg4,"Le général Jack Ripper, convaincu que les Russes ont décidé d'empoisonner l'eau potable des Etats-Unis, lance sur l'URSS une offensive de bombardiers B-52 en ayant pris soin d'isoler la base aérienne de Burpelson du reste du monde. Pendant ce temps, Muffley, le Président des Etats-Unis, convoque l'état-major militaire dans la salle d'opérations du Pentagone et tente de rétablir la situation."
0000-0000-17D9-0000-4-0000-0000-P ,2001 L’Odyssée de l’espace,20,1968,0000-0000-17D9-0000-4-0000-0000-P.jpg,https://www.youtube.com/watch?v=oR_e9y-bka0,"Aux temps préhistoriques, une petite tribu d’hommes-singes installée au milieu de rochers arides lutte difficilement pour la vie. Un matin, ils trouvent devant eux une mystérieuse dalle noire monolithique. L’un des singes touche la pierre et apprend alors à se servir d’un os de quadrupède pour tuer ses ennemis. Quatre millions d’années plus tard, en 2001, un savant de l’espace, le Dr Heywood Floyd, débarque sur la lune pour examiner une dalle noire semblable à celle des singes, qui était enterrée sous la surface de l’astre. Selon les premières observations, l’objet émettrait un signal mystérieux."
0000-0000-72EC-0000-B-0000-0000-4,Orange mécanique,20,1971,0000-0000-72EC-0000-B-0000-0000-4.jpg,https://www.youtube.com/watch?v=Tys3BFPmxIg,"Au XXIe siècle, où règnent la violence et le sexe, Alex, jeune chef de bande, exerce avec sadisme une terreur aveugle. Après son emprisonnement, des psychanalystes l'emploient comme cobaye dans des expériences destinées à juguler la criminalité."
0000-0000-7CEB-0000-V-0000-0000-I,Barry Lindon,15,1975,0000-0000-7CEB-0000-V-0000-0000-I.jpg,https://www.youtube.com/watch?v=0woOx2fz-Mc,"Chassé de son Irlande natale après une série d'exactions et d'inconvenances, Redmond Barry s'engage dans l'armée britannique et combat les Prussiens. Le métier des armes lui devient vite insupportable et il déserte. Capturé par l'ennemi, le jeune homme, ambitieux mais naïf, ne doit sa survie qu'à son empressement à servir ses nouveaux maîtres. La guerre finie, Redmond devient espion, puis joueur professionnel. Il fréquente la haute société, dont il apprend les usages et les bonnes manières. Ce talent lui permet de conquérir le coeur d'une jeune veuve, la comtesse de Lyndon, dont le fils, lord Bullingdon, lui voue bientôt la plus vive animosité."
0000-0000-71C3-0000-5-0000-0000-M,Shining,16,1980,0000-0000-71C3-0000-5-0000-0000-M.jpg,https://www.youtube.com/watch?v=S014oGZiSdI,"Jack Torrance, gardien d’un hôtel fermé l'hiver, sa femme et son fils Danny s’apprêtent à vivre de longs mois de solitude. Danny, qui possède un don de médium, le ""Shining"", est effrayé à l’idée d’habiter ce lieu, théâtre marqué par de terribles événements passés."
0000-0000-7443-0000-H-0000-0000-N ,Full Metal Jacket,14,1987,0000-0000-7443-0000-H-0000-0000-N.jpg,https://www.youtube.com/watch?v=n2i917l5RFc,"Pendant la guerre du Viêt Nam, la préparation et l’entraînement d’un groupe de jeunes marines, jusqu’au terrible baptême du feu et la sanglante offensive du Tetà Hue, en 1968."
0000-0000-2D23-0000-E-0000-0000-W,Eyes Wide Shut,1,1999,0000-0000-2D23-0000-E-0000-0000-W.jpg,https://www.youtube.com/watch?v=xgVo96JaqeM,"Conviés à une soirée donnée par leur ami Victor Ziegler, le docteur William ""Bill"" Harford et son épouse Alice font, chacun de son côté, l'objet de tentatives de séduction plutôt osées. L'un et l'autre résistent à la tentation. Cependant, le lendemain, Alice avoue à son mari qu'elle a naguère songé à le tromper et regrette aujourd'hui de ne pas être passée à l'acte."
0000-0000-7312-0000-0-0000-0000-3,Un Ange à ma table,4,1990,0000-0000-7312-0000-0-0000-0000-3.jpg,https://www.youtube.com/watch?v=AaqhNnRYTfc,"Janet Frame vit en Nouvelle-Zélande dans une famille pauvre et nombreuse. Son enfance est marquée par de tristes événements : sa soeur aînée se noie et son frère est frappé de crises d'épilepsie. Janet a du mal à communiquer avec ses camarades et se réfugie dans la lecture. Lorsqu'elle entre en faculté, elle tombe amoureuse de l'un de ses professeurs. Après une tentative de suicide, elle suit ses conseils et demande à être soignée dans un hôpital psychiatrique."
0000-0000-7CCE-0000-Q-0000-0000-X,La Leçon de piano,19,1993,0000-0000-7CCE-0000-Q-0000-0000-X.jpg,https://www.youtube.com/watch?v=61ooIf1QDZo,"Au siècle dernier en Nouvelle-Zélande, Ada, mère d'une fillette de neuf ans, s’apprête à suivre son nouveau mari au fin fond du bush. Il accepte de transporter tous ses meubles à l'exception d'un piano qui échoue chez un voisin illettré. Ne pouvant supporter cette perte, Ada accepte le marché que lui propose ce dernier. Regagner son piano touche par touche en se soumettant à ses fantaisies."
0000-0000-5378-0000-9-0000-0000-A ,Portrait de femme,15,1996,0000-0000-5378-0000-9-0000-0000-A.jpg,https://www.youtube.com/watch?v=x9brMfU0OGU,"En 1872, Isabel Archer, une jeune Américaine, va rendre visite à ses cousins anglais, les Touchett. Elle les surprend par sa liberté de ton et, surtout, par son esprit indépendant. C'est ainsi qu'elle refuse successivement les propositions de mariage pourtant financièrement fort avantageuses de lord Warburton et de Caspar Goodwood, un richissime admirateur qui a traversé l'Atlantique pour déposer son amour et sa fortune à ses pieds. Isabel a d'autres centres d'intérêt."
0000-0002-0A7E-0000-X-0000-0000-C ,Bright star,4,2009,0000-0002-0A7E-0000-X-0000-0000-C.jpg,https://www.youtube.com/watch?v=-BgyYxOt-o8,"Londres, 1818. Un jeune poète anglais de 23 ans, John Keats, et sa voisine Fanny Brawne entament une liaison amoureuse secrète. Pourtant, les premiers contacts entre les deux jeunes gens sont assez froids.John trouve que Fanny est une jeune fille élégante mais trop effrontée, et elle-même n'est pas du tout impressionnée par la littérature."
0000-0006-4A07-0000-X-0000-0000-C,The Power Of Dog,23,2021,0000-0006-4A07-0000-X-0000-0000-C.jpg,https://www.youtube.com/watch?v=ELvKuuXdfCU,"Originaires du Montana, les frères Phil et George Burbank sont diamétralement opposés. Autant Phil est raffiné, brillant et cruel - autant George est flegmatique, méticuleux et bienveillant. A eux deux, ils sont à la tête du plus gros ranch de la vallée du Montana. Une région, loin de la modernité galopante du XXème siècle, où les hommes assument toujours leur virilité et où l'on vénère la figure de Bronco Henry, le plus grand cow-boy que Phil ait jamais rencontré. Lorsque George épouse en secret Rose, une jeune veuve, Phil, ivre de colère, se met en tête d'anéantir celle-ci."
0000-0000-D1D6-0000-G-0000-0000-Q ,Virgin Suicides,1,1999,0000-0000-D1D6-0000-G-0000-0000-Q.jpg,https://www.youtube.com/watch?v=YRPXQ3XcpKc,"Dans une ville américaine tranquille et puritaine des années soixante-dix, Cecilia Lisbon, 13 ans, tente de se suicider. Elle a 4 soeurs, de jolies adolescentes. Cet incident éclaire d'un jour nouveau le mode de vie de toute la famille. L'histoire, relatée par l’intermédiaire de la vision des garçons du voisinage, obsédés par ces soeurs mystérieuses, dépeint avec cynisme la vie adolescente."
0000-0001-3A0F-0000-8-0000-0000-D,Lost In Translation,19,2004,0000-0001-3A0F-0000-8-0000-0000-D.jpg,https://www.youtube.com/watch?v=Qf0JD0gBDMc,"Bob Harris, acteur sur le déclin, se rend à Tokyo pour tourner un spot publicitaire. Il a conscience qu'il se trompe - il devrait être chez lui avec sa famille, jouer au théâtre ou encore chercher un rôle dans un film -, mais il a besoin d'argent. Du haut de son hôtel de luxe, il contemple la ville, mais ne voit rien. Il est ailleurs, détaché de tout, incapable de s'intégrer à la réalité qui l'entoure, incapable également de dormir à cause du décalage horaire. Dans ce même établissement, Charlotte, une jeune Américaine fraîchement diplômée, accompagne son mari, photographe de mode. Ce dernier semble s'intéresser davantage à son travail qu'à sa femme. Se sentant délaissée, Charlotte cherche un peu d'attention. Elle va en trouver auprès de Bob."
0000-0001-6A0E-0000-7-0000-0000-G ,Marie-Antoinette,15,2006,0000-0001-6A0E-0000-7-0000-0000-G.jpg,https://www.youtube.com/watch?v=yBWyKRoh98U,"Evocation de la vie de la reine d'origine autrichienne, épouse mal-aimée de Louis XVI, guillotinée en 1793. Au sortir de l'adolescence, une jeune fille découvre un monde hostile et codifié, un univers frivole où chacun observe et juge l'autre sans aménité. Mariée à un homme maladroit qui la délaisse, elle est rapidement lassée par les devoirs de représentation qu'on lui impose. Elle s'évade dans l'ivresse de la fête et les plaisirs des sens pour réinventer un monde à elle."
0000-0002-9663-0000-4-0000-0000-P,Somewhere,7,2010,0000-0002-9663-0000-4-0000-0000-P.jpg,https://www.youtube.com/watch?v=iEga7Hz9a3U,"Johnny Marco, auteur à la réputation sulfureuse vit à l'hôtel du Château Marmont à Los Angeles. Il va recevoir une visite inattendue : sa fille de 11 ans."
0000-0003-73C1-0000-L-0000-0000-B,La Pointe courte,19,1955,0000-0003-73C1-0000-L-0000-0000-B.jpg,,"Un couple séjourne à la Pointe Courte, le quartier des pêcheurs de Sète : lui est un enfant du pays, elle une Parisienne qui découvre les lieux où son mari a grandi. Ils font le point sur leur amour, tandis que les familles de pêcheurs font face aux difficultés de la vie quotidienne."
0000-0000-13AE-0000-P-0000-0000-0,Cléo de 5 à 7 ,17,1962,0000-0000-13AE-0000-P-0000-0000-0.jpg,https://www.youtube.com/watch?v=ifcyxdCuNM8,"Cléo, belle et chanteuse, attend les résultats d'une analyse médicale. De la superstition à la peur, de la rue de Rivoli au Café de Dôme, de la coquetterie à l'angoisse, de chez elle au Parc Montsouris, Cléo vit quatre-vingt-dix minutes particulières. Son amant, son musicien, une amie puis un soldat lui ouvrent les yeux sur le monde."
0000-0000-61B0-0000-9-0000-0000-A,Sans toit ni loi,18,1985,0000-0000-61B0-0000-9-0000-0000-A.jpg,https://www.youtube.com/watch?v=GvBQ596Zsqk,"Une jeune fille errante est trouvée morte de froid : c'est un fait d'hiver. Etait-ce une mort naturelle ? C'est une question de gendarme ou de sociologue. Que pouvait-on savoir d'elle et comment ont réagi ceux qui ont croisé sa route ? C'est le sujet du film. Peut-on faire le portrait d'une fille difficile à saisir et dont toute l'attitude est refus. La caméra s'attache à Mona, racontant les deux derniers mois de son errance. Elle traîne. Installe sa tente près d'un garage ou d'un cimetière. Elle marche, surtout jusqu'au bout de ses forces."
0000-0000-93F6-0000-H-0000-0000-N ,Jacquot de Nantes,4,1991,0000-0000-93F6-0000-H-0000-0000-N.jpg,https://www.youtube.com/watch?v=5Xfsh6oH0io,"Il était une fois un garçon, élevé dans un garage où tout le monde aimait chanter. C'était en 1939, il avait 8 ans, il aimait les marionnettes et les opérettes. Puis il a voulu faire du cinéma mais son père lui a fait étudier la mécanique. C'est de Jacques Demy qu'il s'agit et de ses souvenirs."
0000-0002-B235-0000-L-0000-0000-B,Daguerréotypes,9,1975,0000-0002-B235-0000-L-0000-0000-B.jpg,https://www.youtube.com/watch?v=5iaIge_aVHk,"""Daguerréotypes"" n'est pas un film sur la rue Daguerre, pittoresque rue du 14e arrondissement, c'est un film sur un petit morceau de la rue Daguerre, entre le numéro 70 et le numéro 90, c'est un document modeste et local sur quelques petits commerçants, un regard attentif sur la majorité silencieuse. C'est un album de quartier, ce sont des portraits stéréo-daguérréotypés. Ce sont des archives pour les archéo-sociologues de l'an 1975."
0000-0002-B236-0000-Q-0000-0000-X,Les Glaneurs et la glaneuse,9,2000,0000-0002-B236-0000-Q-0000-0000-X.jpg,https://www.youtube.com/watch?v=6_vGlBv5gC8,"Un peu partout en France, Agnès a rencontré des glaneurs et glaneuses, récupereurs, ramasseurs et trouvailleurs. Par nécessité, hasard ou choix, ils sont en contact avec les restes des autres. Leur univers est surprenant. On est loin des glaneuses d'autrefois qui ramassaient les épis de blé après la moisson. Patates, pommes et autres nourritures jetées, objets sans maître et pendule sans aiguilles, c'est la glanure de notre temps. Mais Agnès est aussi la glaneuse du titre et son documentaire est subjectif."
0000-0003-7402-0000-R-0000-0000-U,Les Plages d’Agnes,9,2008,0000-0003-7402-0000-R-0000-0000-U.jpg,https://www.youtube.com/watch?v=dAn8c9SeoiE,"En revenant sur les plages qui ont marqué sa vie, Varda invente une forme d'autodocumentaire. Agnès se met en scène au milieu d'extraits de ses films, d'images et de reportages. Elle nous fait partager avec humour et émotion ses débuts de photographe de théâtre puis de cinéaste novatrice dans les années cinquante, sa vie avec Jacques Demy, son engagement féministe, ses voyages à Cuba, en Chine et aux USA, son parcours de productrice indépendante, sa vie de famille et son amour des plages. Une femme libre et curieuse !"
0000-0004-6900-0000-T-0000-0000-O,"Visages, villages",9,2017,0000-0004-6900-0000-T-0000-0000-O.jpg, https://www.youtube.com/watch?v=g1KFIL8rWGM,"Agnès Varda et JR ont des points communs : passion et questionnement sur les images en général et plus précisément sur les lieux et les dispositifs pour les montrer, les partager, les exposer. Agnès a choisi le cinéma. JR a choisi de créer des galeries de photographies en plein air. Quand Agnès et JR se sont rencontrés en 2015, ils ont aussitôt eu envie de travailler ensemble, tourner un film en France, loin des villes, en voyage avec le camion photographique (et magique) de JR."
0000-0000-F103-0000-Z-0000-0000-6 ,Duel,2,1973,0000-0000-F103-0000-Z-0000-0000-6.jpg,https://www.youtube.com/watch?v=SutDTIhbQ2g,"Sur une route californienne, un modeste employé de commerce se voit pris en chasse par un énorme camion. Une course-poursuite effrénée s'engage."
0000-0000-3447-0000-U-0000-0000-L ,Les Dents de la mer,16,1976,0000-0000-3447-0000-U-0000-0000-L.jpg,https://www.youtube.com/watch?v=oJ9zBnXI8Q0,"A quelques jours du début de la saison estivale, les habitants de la petite station balnéaire d'Amity sont mis en émoi par la découverte sur le littoral du corps atrocement mutilé d'une jeune vacancière. Pour Martin Brody, le chef de la police, il ne fait aucun doute que la jeune fille a été victime d'un requin. Il décide alors d'interdire l'accès des plages mais se heurte à l'hostilité du maire uniquement intéressé par l'afflux des touristes. Pendant ce temps, le requin continue à semer la terreur le long des côtes et à dévorer les baigneurs."
0000-0000-74AC-0000-B-0000-0000-4 ,Rencontres du troisième type,20,1977,0000-0000-74AC-0000-B-0000-0000-4.jpg,https://www.youtube.com/watch?v=dSpQ3G08k48,"Des faits étranges se produisent un peu partout dans le monde : des avions qui avaient disparu durant la Seconde Guerre mondiale sont retrouvés au Mexique en parfait état de marche, un cargo est découvert échoué au beau milieu du désert de Gobi. Dans l'Indiana, pendant qu'une coupure d'électricité paralyse la banlieue, Roy Neary, un réparateur de câbles, voit une ""soucoupe volante"" passer au-dessus de sa voiture."
0000-0000-42CD-0000-Y-0000-0000-9,Indiana Jones et les Aventuriers de l’arche perdue,3,1981,0000-0000-42CD-0000-Y-0000-0000-9.jpg,https://www.youtube.com/watch?v=Rh_BJXG1-44,"1936. Parti à la recherche d’une idole sacrée en pleine jungle péruvienne, l’aventurier Indiana Jones échappe de justesse à une embuscade tendue par son plus coriace adversaire: le Français René Belloq. Revenu à la vie civile à son poste de professeur universitaire d’archéologie, il est mandaté par les services secrets et par son ami Marcus Brody, conservateur du National Museum de Washington, pour mettre la main sur le Médaillon de Râ, en possession de son ancienne amante Marion Ravenwood, désormais tenancière d’un bar au Tibet. Cet artefact égyptien serait en effet un premier pas sur le chemin de l’Arche d’Alliance, celle-là même où Moïse conserva les Dix Commandements. Une pièce historique aux pouvoir inimaginables dont Hitler cherche à s’emparer."
0000-0000-3B42-0000-T-0000-0000-O ,E.T. l'extra-terrestre ,20,1982,0000-0000-3B42-0000-T-0000-0000-O.jpg,https://www.youtube.com/watch?v=qYAETtIIClk,"Une soucoupe volante atterrit en pleine nuit près de Los Angeles. Quelques extraterrestres, envoyés sur Terre en mission d’exploration botanique, sortent de l’engin, mais un des leurs s’aventure au-delà de la clairière où se trouve la navette. Celui-ci se dirige alors vers la ville. C’est sa première découverte de la civilisation humaine. Bientôt traquée par des militaires et abandonnée par les siens, cette petite créature apeurée se nommant E.T. se réfugie dans une résidence de banlieue. Elliot, un garçon de dix ans, le découvre et lui construit un abri dans son armoire."
0000-0000-4EEF-0000-3-0000-0000-S,Indiana Jones et le Temple maudit,3,1984,0000-0000-4EEF-0000-3-0000-0000-S.jpg,https://www.youtube.com/watch?v=NGsWgHNxK9c,"L’archéologue Indiana Jones est obligé de fuir un cabaret de Shanghai après une négociation houleuse. En compagnie de la chanteuse Willie Scott et du petit Short Round, il se retrouve sur un glacier himalayen, dans un village dont une secte a dérobé le diamant magique et enlevé les enfants afin de les sacrifier."
0000-0000-4EEE-0000-Z-0000-0000-6,Indiana Jones et la Dernière Croisade,3,1989,0000-0000-4EEE-0000-Z-0000-0000-6.jpg,https://www.youtube.com/watch?v=sagmdpkWUqc,"Indiana Jones se lance cette fois-ci à la recherche du Saint Graal, accompagné de l’éminent et très maladroit Dr Henry Jones, son père. Malheureusement, ils ne sont pas les seuls lancés sur la trace du trésor, les nazis le convoitent également."
0000-0000-3031-0000-G-0000-0000-Q,Hook ou la Revanche du capitaine Crochet,11,1992,0000-0000-3031-0000-G-0000-0000-Q.jpg,https://www.youtube.com/watch?v=c-vwgt8cwEM,"Peter Banning alias Peter Pan est devenu un brillant avocat d'affaires qui a tout oublié de ses merveilleuses aventures. Mais le terrible Capitaine Crochet, lui, n'a pas oublié. Pour enfin, régler leur compte, il enlève une nuit Jack et Maggie, les enfants de Peter. C'est en compagnie de Tinkerbell que Peter s'envole à nouveau pour le pays de Nulle Part."
0000-0000-73AF-0000-6-0000-0000-J ,Jurassic Park,3,1993,0000-0000-73AF-0000-6-0000-0000-J.jpg,https://www.youtube.com/watch?v=lc0UehYemQA,"Ne pas réveiller le chat qui dort...C'est ce que le milliardaire John Hammond aurait dû se rappeler avant de se lancer dans le ""clonage"" de dinosaures. C'est à partir d'une goutte de sang absorbée par un moustique fossilisé que John Hammond et son équipe ont réussi à faire renaître une dizaine d'espèces de dinosaures. Il s'apprête maintenant avec la complicité du docteur Alan Grant, paléontologue de renom, et de son amie Ellie, à ouvrir le plus grand parc à thème du monde. Mais c'était sans compter la cupidité et la malveillance de l'informaticien Dennis Nedry, et éventuellement des dinosaures, seuls maîtres sur l'île."
0000-0000-7DA7-0000-S-0000-0000-R ,La Liste de Schindler,15,1994,0000-0000-7DA7-0000-S-0000-0000-R.jpg,https://www.youtube.com/watch?v=mxphAlJID9U,"Evocation des années de guerre d’Oskar Schindler, fils d’industriel d’origine autrichienne rentré à Cracovie en 1939 avec les troupes allemandes. Il va, tout au long de la guerre, protéger des juifs en les faisant travailler dans sa fabrique et en 1944 sauver 800 hommes et 300 femmes du camp d’extermination d’Auschwitz-Birkenau."
0000-0000-26A9-0000-V-0000-0000-I,Il faut sauver le soldat Ryan,14,1998,0000-0000-26A9-0000-V-0000-0000-I.jpg,https://www.youtube.com/watch?v=9CiW_DgxCnQ,"Alors que les forces alliées débarquent à Omaha Beach, Miller doit conduire son escouade derrière les lignes ennemies pour une mission particulièrement dangereuse : trouver et ramener sain et sauf le simple soldat James Ryan, dont les trois frères sont morts au combat en l’espace de trois jours. Pendant que l’escouade progresse en territoire ennemi, les hommes de Miller se posent des questions. Faut-il risque la vie de huits hommes pour en sauver un seul ?"
0000-0000-29FE-0000-D-0000-0000-Z ,A.I. Intelligence artificielle,20,2001,0000-0000-29FE-0000-D-0000-0000-Z.jpg,https://www.youtube.com/watch?v=pm7qlQ2E0iE,"Dans un XXIe siècle où la fonte des glaces a submergé la majorité des terres habitables et provoqué famines et exodes, les robots sont devenus une composante essentielle de la vie quotidienne, et assurent désormais la plupart des tâches domestiques. Pourtant, le professeur Hobby veut aller encore plus loin en créant le premier androïde sensible : un enfant capable de développer un vaste répertoire d'émotions et de souvenirs."
0000-0000-2AFB-0000-I-0000-0000-K,Minority Report,20,2002,0000-0000-2AFB-0000-I-0000-0000-K.jpg,https://www.youtube.com/watch?v=lG7DGMgfOb8,"A Washington, en 2054, la société du futur a éradiqué le meurtre en se dotant du système de prévention-détection-répression le plus sophistiqué du monde. Dissimulés au coeur du Ministère de la Justice, trois extra-lucides captent les signes précurseurs des violences homicides et en adressent les images à leur contrôleur, John Anderton, le chef de la ""Précrime"" devenu justicier après la disparition tragique de son fils. Celui-ci n’a alors plus qu’à lancer son escouade aux trousses du ""coupable""...  Mais un jour se produit l’impensable : l’ordinateur lui renvoie sa propre image."
0000-0000-F3A9-0000-P-0000-0000-0,Arrête-moi si tu peux,1,2003,0000-0000-F3A9-0000-P-0000-0000-0.jpg,https://www.youtube.com/watch?v=s-7pyIxz8Qg,"Dans les années soixante, le jeune Frank Abagnale Jr. est passé maître dans l’art de l’escroquerie, allant jusqu’à détourner 2,5 millions de dollars et à figurer sur les listes du FBI comme l’un des dix individus les plus recherchés des Etats-Unis. Véritable caméléon, Frank revêt des identités aussi diverses que celles de pilote de ligne, de médecin, de professeur d’université ou encore d’assistant du procureur. Carl Hanratty, agent du FBI à l’apparence stricte, fait de la traque de Frank Abagnale Jr. sa mission prioritaire, mais ce dernier reste pendant longtemps insaisissable."
0000-0001-5BB4-0000-F-0000-0000-T ,Le Terminal ,7,2004,0000-0001-5BB4-0000-F-0000-0000-T.jpg,https://www.youtube.com/watch?v=iZqQRmhRvyg,"Viktor Navorski est l’un de ces milliers de touristes, venus des quatre coins du monde, qui débarquent chaque jour à l’Aéroport JFK de New York. Mais, à quelques heures de son arrivée, voilà qu’un coup d’Etat bouleverse sa petite république d’Europe Centrale, mettant celle-ci au ban des nations et faisant de Viktor... un apatride. Les portes de l’Amérique se ferment devant lui, alors même que se bouclent les frontières de son pays: Viktor est bel et bien coincé."
0000-0001-5FFA-0000-M-0000-0000-8,La Guerre des mondes,20,2005,0000-0001-5FFA-0000-M-0000-0000-8.jpg,https://www.youtube.com/watch?v=SM6aEEjc5hA,"Ray Ferrier est un docker divorcé et un père rien moins que parfait, qui n’entretient plus que des relations épisodiques avec son fils Robbie, 17 ans, et sa fille Rachel, 11 ans. Quelques minutes après que son ex-femme et l’époux de cette dernière lui ont confié la garde des enfants, un puissant orage éclate. Ray assiste alors à un spectacle qui bouleversera à jamais sa vie."
0000-0002-F317-0000-N-0000-0000-5,"Les Aventures de Tintin, Le Secret de La Licorne ",3,2011,0000-0002-F317-0000-N-0000-0000-5.jpg,https://www.youtube.com/watch?v=_XyS71FIHVc,"Tintin, notre intrépide reporter, son fidèle compagnon Milou et son inséparable ami le capitaine Haddock partent à la recherche d’un trésor enfoui avec l’épave d’un bateau ""la Licorne"", commandé autrefois par un ancêtre du capitaine Haddock."
0000-0003-67BF-0000-P-0000-0000-0,Lincoln,15,2012,0000-0003-67BF-0000-P-0000-0000-0.jpg,https://www.youtube.com/watch?v=KJVuqYkI2jQ,"Les derniers mois tumultueux du mandat du 16e Président des Etats-Unis. Dans une nation déchirée par la guerre civile et secouée par le vent du changement, Abraham Lincoln met tout en oeuvre pour résoudre le conflit, unifier le pays et abolir l'esclavage. Cet homme doté d'une détermination et d'un courage moral exceptionnels va devoir faire des choix qui bouleverseront le destin des générations à venir."
0000-0004-0CB7-0000-L-0000-0000-B ,Le Pont des Espions,10,2015,0000-0004-0CB7-0000-L-0000-0000-B.jpg,https://www.youtube.com/watch?v=7JnC2LIJdR0,"James Donovan, un avocat de Brooklyn se retrouve plongé au coeur de la guerre froide lorsque la CIA l’envoie accomplir une mission presque impossible : négocier la libération du pilote d’un avion espion américain U-2 qui a été capturé."
0000-0006-27D1-0000-D-0000-0000-Z,West Side Story,17,2021,0000-0006-27D1-0000-D-0000-0000-Z.jpg,https://www.youtube.com/watch?v=A5GJLwWiYSg,"Dans les années 1950, deux bandes de jeunes s'affrontent pour le contrôle d'un quartier défavorisé de l'Upper West Side en pleine gentrification. Il y d'un côté les immigrés portoricains des Sharks, dirigés par Bernardo et de l'autre les Américains des Jets, avec Riff à leur tête. Récemment sorti de prison, Tony, lié aux Jets, en a marre de cette violence quotidienne. Il préfère travailler dans la boutique de Valentina, veuve de Doc. Un jour, lors d'une soirée dansante au lycée, Tony tombe sous le charme de Maria, la soeur de Bernardo. Cependant, du fait de leur appartenance à ces bandes opposées, il s’agit d’un amour impossible."
0000-0006-E7C9-0000-M-0000-0000-8,The Fabelmans,4,2022,0000-0006-E7C9-0000-M-0000-0000-8.jpg,https://www.youtube.com/watch?v=D1G2iLSzOe8,"Passionné de cinéma, Sammy Fabelman passe son temps à filmer sa famille. S’il est encouragé dans cette voie par sa mère Mitzi, dotée d’un tempérament artistique, son père Burt, scientifique accompli, considère que sa passion est surtout un passe-temps. Au fil des années, Sammy, à force de pointer sa caméra sur ses parents et ses soeurs, est devenu le documentariste de l’histoire familiale !  Il réalise même de petits films amateurs de plus en plus sophistiqués, interprétés par ses amis et ses soeurs. Mais lorsque ses parents décident de déménager dans l’ouest du pays, il découvre une réalité bouleversante sur sa mère qui bouscule ses rapports avec elle et fait basculer son avenir et celui de ses proches."
0000-0000-63FB-0000-X-0000-0000-C,West Side Story,17,1961,0000-0000-63FB-0000-X-0000-0000-C.jpg,https://www.youtube.com/watch?v=GzBaTrUw1WQ,"A New York, dans les années 1950, deux gangs de rue rivaux, les Jets (Américains d'origine polonaise, irlandaise et italienne) et les Sharks (immigrés d'origine portoricaine), font la loi dans le quartier du West Side. Ils se provoquent sans cesse, et s'affrontent à l'occasion. Tony, ancien chef des Jets qui a maintenant pris ses distances avec le gang, et Maria, la soeur du chef des Sharks, tombent amoureux, mais le couple doit subir les forces opposées de leurs clans respectifs."
0000-0000-6C64-0000-E-0000-0000-W,Terminator,20,1984,0000-0000-6C64-0000-E-0000-0000-W.jpg,https://www.youtube.com/watch?v=k64P4l2Wmeg,"A Los Angeles en 1984, un Terminator, cyborg surgi du futur, a pour mission d'exécuter Sarah Connor, une jeune femme dont l'enfant à naître doit sauver l'humanité. Kyle Reese, un résistant humain, débarque lui aussi pour combattre le robot, et aider la jeune femme."
0000-0000-7A5A-0000-Y-0000-0000-9,Abyss,16,1989,0000-0000-7A5A-0000-Y-0000-0000-9.jpg,https://www.youtube.com/watch?v=MuM7uRdIcb8,"Un commando de la Marine américaine débarque à bord de la station de forage sous-marine DeepCore afin de porter secours à un sous-marin échoué dans les profondeurs. L'équipe de Bud Brigman accueille ces nouveaux arrivants, ainsi que Lindsey, future ex-femme de Bud. Alors que les travaux de récupération commencent autour du submersible naufragé, l'équipage de DeepCore doit faire face à des phénomènes inexpliqués. Et s'ils n'étaient pas seuls dans les abysses ?"
0000-0001-B30E-0000-Z-0000-0000-6,"Terminator 2, Le Jugement dernier",20,1991,0000-0001-B30E-0000-Z-0000-0000-6.jpg,https://www.youtube.com/watch?v=CRRlbK5w8AE,"En 2029, après leur échec pour éliminer Sarah Connor, les robots de Skynet programment un nouveau Terminator, le T-1000, pour retourner dans le passé et éliminer son fils John Connor, futur leader de la résistance humaine. Ce dernier programme un autre cyborg, le T-800 et l’envoie également en 1995, pour le protéger. Une seule question déterminera le sort de l’humanité : laquelle des deux machines trouvera John la première ?"
0000-0000-3EB5-0000-Q-0000-0000-X,Titanic,6,1997,0000-0000-3EB5-0000-Q-0000-0000-X.jpg,https://www.youtube.com/watch?v=kVrqfYjkTdQ,"Southampton, 10 avril 1912. Le paquebot le plus grand et le plus moderne du monde, réputé pour son insubmersibilité, le ""Titanic"", appareille pour son premier voyage. Quatre jours plus tard, il heurte un iceberg. A son bord, un artiste pauvre et une grande bourgeoise tombent amoureux."
0000-0001-DB15-0000-X-0000-0000-C ,Avatar,20,2009,0000-0001-DB15-0000-X-0000-0000-C.jpg,https://www.youtube.com/watch?v=CM79GTEm2ps,"Un marine paraplégique, envoyé sur la lune Pandora pour une mission unique, est tiraillé entre suivre ses ordres et protéger le monde qu'il considère dorénavant comme le sien."
0000-0000-006E-0000-X-0000-0000-C,Reservoir Dogs,13,1992,0000-0000-006E-0000-X-0000-0000-C.jpg,https://www.youtube.com/watch?v=pswIExH61dw,"Après un hold-up manqué, des cambrioleurs de haut vol font leurs comptes dans une confrontation violente, pour découvrir lequel d’entre eux les a trahis."
0000-0001-49F7-0000-M-0000-0000-8,Pulp Fiction,13,1994,0000-0001-49F7-0000-M-0000-0000-8.jpg,https://www.youtube.com/watch?v=tGpTpVyI_OQ,"L’odyssée sanglante et burlesque de petits malfrats dans la jungle d’Hollywood : Deux petits tueurs, un dangereux gangster marié à une camée, un boxeur roublard, des prêteurs sur gages sadiques, un caïd élégant et dévoué, un dealer bon mari et deux tourtereaux à la gâchette facile."
0000-0001-0995-0000-E-0000-0000-W,Jackie Brown,13,1997,0000-0001-0995-0000-E-0000-0000-W.jpg,https://www.youtube.com/watch?v=G7HkBDNZV7s,"Hôtesse de l’air, Jackie Brown arrondit ses fins de mois en convoyant de l’argent liquide pour le compte de Ordell Robbie, trafiquant d’armes. Quand la police et le FBI lui signifient qu’ils comptent sur elle pour faire tomber Robbie, Jackie Brown échafaude un plan audacieux."
0000-0001-0F07-0000-H-0000-0000-N,"Kill Bill, Volume 1",2,2003,0000-0001-0F07-0000-H-0000-0000-N.jpg,https://www.youtube.com/watch?v=7kSuas6mRpk,"Au cours d'un mariage, un commando armé massacre l'assistance, laissant pour morte la Mariée et l'enfant qu'elle porte. Après 4 ans de coma, la Mariée se lance à la poursuite des assassins, membres du clan de Bill, au sein duquel, sous le pseudonyme de Black Mamba, elle exerça elle-même autrefois ses talents de redoutable tueuse."
0000-0001-0B0E-0000-9-0000-0000-A,"Kill Bill, Volume 2",2,2004,0000-0001-0B0E-0000-9-0000-0000-A.jpg,https://www.youtube.com/watch?v=WTt8cCIvGYI,"Après avoir éliminé ses deux anciennes collègues Vernita Green et O-Ren Ishii, la Mariée, alias Black Mamba, poursuit l'éradication du gang des Vipères Assassines. Prochaines cibles : Budd, puis Elle Driver, avant d'atteindre enfin son but ultime : tuer leur chef, Bill."
0000-0001-C4BE-0000-3-0000-0000-S,Boulevard de la mort ,7,2007,0000-0001-C4BE-0000-3-0000-0000-S.jpg,https://www.youtube.com/watch?v=ndePUePt_OE,"C’est à la tombée du jour que Jungle Julia, la DJ la plus sexy d’Austin, peut enfin se détendre avec ses meilleures copines, Shanna et Arlene. Ce trio infernal, qui vit la nuit, attire les regards dans tous les bars et dancings du Texas. Mais l’attention dont ces trois jeunes femmes sont l’objet n’est pas forcément innocente."
0000-0002-3198-0000-W-0000-0000-F,Inglourious Basterds,14,2009,0000-0002-3198-0000-W-0000-0000-F.jpg,https://www.youtube.com/watch?v=KnrRy6kSFF0,"Dans la France occupée de 1940, un groupe de soldats juifs américains, les bâtards, mène des actions punitives particulièrement sanglantes contre les nazis du Troisième Reich. Leur chemin rencontre celui de Shosanna Dreyfus, une jeune juive réfugiée à Paris exploitante d'une salle de cinéma qui entend elle aussi assouvir sa propre vengeance envers les nazis."
0000-0003-6795-0000-O-0000-0000-2,Django Unchained,15,2012,0000-0003-6795-0000-O-0000-0000-2.jpg,https://www.youtube.com/watch?v=0fUCuvNlOCg,"Dans le sud des Etats-Unis, deux ans avant la guerre de Sécession, le Dr King Schultz, un chasseur de primes allemand, fait l’acquisition de Django, un esclave qui peut l’aider à traquer les frères Brittle, les meurtriers qu’il recherche. Schultz promet à Django de lui rendre sa liberté lorsqu’il aura capturé les Brittle - morts ou vifs. Alors que les deux hommes pistent les dangereux criminels, Django n’oublie pas que son seul but est de retrouver Broomhilda, sa femme, dont il fut séparé à cause du commerce des esclaves."
0000-0004-27A4-0000-D-0000-0000-Z ,Les Huit Salopards,23,2015,0000-0004-27A4-0000-D-0000-0000-Z.jpg,https://www.youtube.com/watch?v=nIOmotayDMY,"Après la Guerre de Sécession, huit voyageurs se retrouvent coincés dans un refuge au milieu des montagnes. Alors que la tempête s'abat au-dessus du massif, ils réalisent qu'ils n'arriveront peut-être pas à rallier Red Rock comme prévu."
0000-0005-7B31-0000-J-0000-0000-H,Once Upon a Time in Hollywood ,7,2019,0000-0005-7B31-0000-J-0000-0000-H.jpg,https://www.youtube.com/watch?v=ELeMaP8EPAA,"En 1969, Rick Dalton - star déclinante d'une série télévisée de western - et Cliff Booth - sa doublure de toujours - assistent à la métamorphose artistique d'un Hollywood qu'ils ne reconnaissent plus du tout en essayant de relancer leurs carrières."
0000-0000-1666-0000-5-0000-0000-M ,Sang pour sang,8,1984,0000-0000-1666-0000-5-0000-0000-M.jpg,https://www.youtube.com/watch?v=TFzPVLdGtAg,"Visser, un détective privé que les scrupules n'étouffent pas, est chargé de surveiller la jeune et jolie Abby pour le compte de son mari, Julian Marty, un patron de bar malchanceux. Très rapidement, Visser lui apporte des preuves qu'Abby a depuis quelque temps une liaison avec Ray, un employé de Julian."
0000-0000-E543-0000-4-0000-0000-P,Arizona Junior,7,1987,0000-0000-E543-0000-4-0000-0000-P.jpg,https://www.youtube.com/watch?v=OjWu8i6eMZo,"Hi, impénitent cambrioleur de supermarchés, passe beaucoup de temps dans la prison de Tempe en Arizona. Il y rencontre un jour Ed, charmante femme policier, dont il tombe éperdument amoureux. Terminé les braquages, il se marie et part pour l’usine qui ressemble somme toute à la prison. Hi et Ed voudraient un enfant mais Ed est stérile. Or un jour des quintuplés font la une de la presse locale. Hi et Ed décident d’en voler un. Sur cinq, cela ne se verra pas trop."
0000-0000-5FEE-0000-Q-0000-0000-X,Miller’s Crossing,13,1990,0000-0000-5FEE-0000-Q-0000-0000-X.jpg,https://www.youtube.com/watch?v=hkJIcFMN_pc,"A l'époque de la Prohibition, le gangster Tom Reagan, bras droit d'un caïd irlandais, trahit et manipule son entourage, l'utilisant à ses propres fins, même par la violence, afin de se faire une place."
0000-0000-0796-0000-F-0000-0000-T ,Barton Fink,1,1991,0000-0000-0796-0000-F-0000-0000-T.jpg,https://www.youtube.com/watch?v=WK0WjWlVO9w,"New York 1941. Barton Fink, jeune dramaturge, rencontre le succès grâce à un roman populaire. Hollywood s'intéresse à lui et Wallace Beery le charge d'écrire des scénarios sur le monde des lutteurs. Fink va découvrir les mystères d'Hollywood, l'angoisse de la page blanche et un étrange voisin qui lui révélera quelques secrets sur l'art de l'existence."
0000-0000-01D3-0000-Q-0000-0000-X ,Le Grand Saut,7,1994,0000-0000-01D3-0000-Q-0000-0000-X.jpg,https://www.youtube.com/watch?v=dBa8p0NFwM8,Les membres du conseil d'administration d'un empire industriel décident de nommer un idiot à leur tête afin que les actions chutent et qu'ils puissent les racheter à bas prix. Ce leur sera moins facile qu'il y paraissait.
0000-0000-01CF-0000-2-0000-0000-V,Fargo,8,1996,0000-0000-01CF-0000-2-0000-0000-V.jpg,https://www.youtube.com/watch?v=ju75Sd4yAZw,"Quelque part dans le Minnesota, en plein hiver. Jerry Lundegaard, un minable vendeur de voitures, contacte un petit escroc, Carl Showalter, et son inquiétant compère, Grimsrud. Il leur demande d’enlever sa femme, Jean, dont le père, Wade, un richissime homme d’affaires, ne manquera pas de régler la rançon exigée. Les deux truands s’empêtrent quelque peu dans les péripéties mais finissent par réussir leur affaire. Grimsrud commence alors à donner la mesure de ses talents. Il tue de sang-froid un policier lors d’un banal contrôle de routine, puis les deux témoins du meurtre. Marge Gunderson, une femme policier, enceinte, est chargée de l’enquête."
0000-0000-294D-0000-4-0000-0000-P,The Big Lebowski,7,1998,0000-0000-294D-0000-4-0000-0000-P.jpg,https://www.youtube.com/watch?v=l7DLqUvZXOE,"Jeff Lebowski, prénommé le Duc, est un paresseux qui passe son temps à boire des coups avec son copain Walter et à jouer au bowling, jeu dont il est fanatique. Un jour deux malfrats le passent à tabac. Il semblerait qu’un certain Jackie Treehorn veuille récupérer une somme d’argent que lui doit la femme de Jeff. Seulement Lebowski n’est pas marié. C’est une méprise, le Lebowski recherché est un millionnaire de Pasadena. Le Duc part alors en quête d’un dédommagement auprès de son richissime homonyme."
0000-0001-099D-0000-H-0000-0000-N,O’Brother,18,2000,0000-0001-099D-0000-H-0000-0000-N.jpg,https://www.youtube.com/watch?v=eW9Xo2HtlJI,"Dans le Mississippi profond, pendant la Grande Depression. Trois prisonniers enchainés s’évadent du bagne : Ulysses Everett McGill, le gentil et simple Delmar et l’éternel râleur Pete. Ils tentent l’aventure de leur vie pour retrouver leur liberté et leur maison. N’ayant rien à perdre et unis par leurs chaînes, ils entreprennent un voyage semé d’embûches et riche en personnages hauts en couleur. Mais ils devront redoubler d’inventivité pour échapper au mystérieux et rusé shérif Cooley, lancé à leur poursuite."
0000-0000-EEC5-0000-K-0000-0000-E ,Intolérable cruauté,7,2003,0000-0000-EEC5-0000-K-0000-0000-E.jpg,https://www.youtube.com/watch?v=dE8jX6rP4L0,"Miles Massey est l'avocat que l'on s'arrache quand on veut divorcer. Sa renommée et son train de vie témoignent de sa remarquable réussite. Mais Miles s'ennuie. Il ne va pas tarder à trouver un cas à sa mesure. Marylin Rexroth, future ex-femme d'un richissime investisseur immobilier pris en flagrant délit d'adultère, comptait profiter de la vie et d'une belle pension. Mais Miles réussit à dispenser son client du moindre dédommagement. Décidée à se venger, la jeune femme épouse aussitôt un magnat du pétrole. Entre Miles et Marylin commence alors un match où tous les coups sont permis"
0000-0001-07A9-0000-E-0000-0000-W,Ladykillers,7,2004,0000-0001-07A9-0000-E-0000-0000-W.jpg,https://www.youtube.com/watch?v=BVL6AjybCZ0,"Le docteur Goldthwait Higginson Dorr III réunit un gang ""d'experts"" pour accomplir le casse du siècle. Ses associés ? Un spécialiste en explosifs, un perceur de tunnel, un gros bras et un complice infiltré qui risque d'être découvert... Le QG de l'opération ? La cave d'une vieille dame, Mrs. Munson, qui fréquente assidûment l'église et ne se doute de rien."
0000-0001-CE8F-0000-U-0000-0000-L,No Country for Old Men,23,2007,0000-0001-CE8F-0000-U-0000-0000-L.jpg,https://www.youtube.com/watch?v=38A__WT3-o0,"A la frontière qui sépare le Texas du Mexique, les trafiquants de drogue ont depuis longtemps remplacé les voleurs de bétail. Lorsque Llewelyn Moss tombe sur une camionnette abandonnée, cernée de cadavres ensanglantés, il ne sait rien de ce qui a conduit à ce drame. Et quand il prend les deux millions de dollars qu’il découvre à l’intérieur du véhicule, il n’a pas la moindre idée de ce que cela va provoquer."
0000-0001-FA58-0000-H-0000-0000-N,Burn After Reading,7,2008,0000-0001-FA58-0000-H-0000-0000-N.jpg,https://www.youtube.com/watch?v=SVCHSiRWjJM,"Osborne Cox est un analyste à la CIA en difficulté. Sa femme, Katie, s'adonne peu à la compassion. Harry Pfarrer est un marshal fédéral assez porté sur le sexe. Linda Litzke et Chad Feldheimer sont employés du club de remise en forme Hardbodies Fitness. Et ils vont découvrir un CD appartenant à Osborne Cox, ce qui ne rassure pas le directeur de la salle de sport, Ted Treffon, qui est amoureux de Linda. Tout ce petit monde va se trouver mêlé pour des aventures trépidantes au coeur de quelques maux de la société américaine."
0000-0002-33D3-0000-D-0000-0000-Z,A Serious Man,7,2009,0000-0002-33D3-0000-D-0000-0000-Z.jpg,https://www.youtube.com/watch?v=mDKHWRbK2_Q,"En 1967, Larry Gopnik, professeur de physique dans une petite université du Midwest, vient d'apprendre que sa femme Judith allait le quitter. Elle est tombée amoureuse d'une de ses connaissances, le pontifiant Sy Ableman. Arthur, le frère de Larry, est incapable de travailler et dort sur le canapé. Danny, son fils, a des problèmes de discipline à l'école hébraïque, et sa fille Sarah vole dans son portefeuille car elle a l'intention de se faire refaire le nez. Pendant ce temps, Larry reçoit à la fac des lettres anonymes visant à empêcher sa titularisation, et un étudiant veut le soudoyer pour obtenir son diplôme. Luttant désespérément pour trouver un équilibre, Larry cherche conseil auprès de trois rabbins. Qui l'aidera à faire face à ses malheurs et à devenir un mensch, un homme bien ?"
0000-0002-BE06-0000-E-0000-0000-W ,True Grit,23,2010,0000-0002-BE06-0000-E-0000-0000-W.jpg,https://www.youtube.com/watch?v=CUiCu-zuAgM,"1870, juste après la guerre de Sécession, sur l'ultime frontière de l'Ouest américain. Seul au monde, Mattie Ross, 14 ans, réclame justice pour la mort de son père, abattu de sang-froid pour deux pièces d'or par le lâche Tom Chaney. L'assassin s'est réfugié en territoire indien. Pour le retrouver et le faire pendre, Mattie engage Rooster Cogburn, un U.S. Marshal alcoolique. Mais Chaney est déjà recherché par LaBoeuf, un Texas Ranger qui veut le capturer contre une belle récompense. Ayant la même cible, les voilà rivaux dans la traque. Tenace et obstiné, chacun des trois protagonistes possède sa propre motivation et n'obéit qu'à son code d'honneur. Ce trio improbable chevauche désormais vers ce qui fait l'étoffe des légendes: la brutalité et la ruse, le courage et les désillusions, la persévérance et l'amour."
0000-0003-AD9C-0000-X-0000-0000-C ,Inside Llewyn Davis,18,2013,0000-0003-AD9C-0000-X-0000-0000-C.jpg,https://www.youtube.com/watch?v=VuQ8pz-5WLY,"Inside Llewyn Davis raconte une semaine de la vie d'un jeune chanteur de folk dans l'univers musical de Greenwich Village en 1961. Llewyn Davis est à la croisée des chemins. Alors qu'un hiver rigoureux sévit sur New York, le jeune homme, sa guitare à la main, lutte pour gagner sa vie comme musicien et affronte des obstacles qui semblent insurmontables, à commencer par ceux qu'il se crée lui-même. Il ne survit que grâce à l'aide que lui apportent des amis ou des inconnus, en acceptant n'importe quel petit boulot. Des cafés du Village à un club désert de Chicago, ses mésaventures le conduisent jusqu'à une audition pour le géant de la musique Bud Grossman, avant de retourner là d'où il vient."
0000-0004-753B-0000-5-0000-0000-M,Ave César,7,2016,0000-0004-753B-0000-5-0000-0000-M.jpg,https://www.youtube.com/watch?v=y73RYOUbBgE,"Eddie Mannix est fixer chez Capitole, un des plus célèbres Studios de cinéma américain de l’époque. Il y est chargé de régler tous les problèmes inhérents à chacun de leurs films. Un travail qui ne connaît ni les horaires, ni la routine. En une seule journée il va devoir gérer aussi bien les susceptibilités des différentes communautés religieuses, pour pouvoir valider leur adaptation de la Bible en Technicolor, que celles du très précieux réalisateur vedette Laurence Laurentz qui n’apprécie que modérément qu’on lui ait attribué le jeune espoir du western comme tête d’affiche de son prochain drame psychologique. La journée promet d’être mouvementée."
0000-0005-F102-0000-3-0000-0000-S ,La Ballade de Buster Scruggs,23,2018,0000-0005-F102-0000-3-0000-0000-S.jpg,https://www.youtube.com/watch?v=_2PyxzSH1HM,La ballade de Buster Scruggs est un western d'anthologie en six volets mettant en scène les légendes du Far West vues par les incomparables réalisateurs et scénaristes Joel et Ethan Coen. Chaque chapitre est consacré à une histoire différente de l'Ouest américain.
0000-0000-6ECA-0000-6-0000-0000-J,Chantons sous la pluie,17,1952,0000-0000-6ECA-0000-6-0000-0000-J.jpg,https://www.youtube.com/watch?v=A8dGhZ91Qhk,"Les films muets laissent place aux films parlants - et le danseur devenu chanteur (Gene Kelly) est lui aussi pris dans cette transition compliquée, tout comme son ami (Donald O’Connor), sa petite amie (Debbie Reynolds) et sa désagréable co-star (Jean Hagen)."
0000-0000-EB93-0000-Q-0000-0000-X,"Star Wars, épisode IV, Un nouvel espoir",20,1977,0000-0000-EB93-0000-Q-0000-0000-X.jpg,https://www.youtube.com/watch?v=vZ734NWnAHA,"Il y a bien longtemps, dans une galaxie très lointaine... La guerre civile fait rage entre l'Empire galactique et l'Alliance rebelle. Capturée par les troupes de choc de l'Empereur menées par le sombre et impitoyable Dark Vador, la princesse Leia Organa dissimule les plans de l’Etoile Noire,  une station spatiale invulnérable, à son droïde R2-D2 avec pour mission de les remettre au Jedi Obi-Wan Kenobi. Accompagné de son fidèle compagnon, le droïde de protocole C-3PO, R2-D2 s'échoue sur la planète Tatooine et termine sa quête chez le jeune Luke Skywalker. Rêvant de devenir pilote mais confiné aux travaux de la ferme, ce dernier se lance à la recherche de ce mystérieux Obi-Wan Kenobi, devenu ermite au coeur des montagnes désertiques de Tatooin."
0000-0000-7018-0000-6-0000-0000-J,"Star Wars, épisode V, L’empire contre-attaque",20,1980,0000-0000-7018-0000-6-0000-0000-J.jpg,https://www.youtube.com/watch?v=JNwNXF9Y6kY,"Malgré la destruction de l’Etoile Noire, l'Empire maintient son emprise sur la galaxie, et poursuit sans relâche sa lutte contre l'Alliance rebelle. Basés sur la planète glacée de Hoth, les rebelles essuient un assaut des troupes impériales. Parvenus à s'échapper, la princesse Leia, Han Solo, Chewbacca et C-3P0 se dirigent vers Bespin, la cité des nuages gouvernée par Lando Calrissian, ancien compagnon de Han. Suivant les instructions d'Obi-Wan Kenobi, Luke Skywalker se rend quant à lui vers le système de Dagobah, planète marécageuse où il doit recevoir l'enseignement du dernier maître Jedi, Yoda. Apprenant l'arrestation de ses compagnons par les stormtroopers de Dark Vador après la trahison de Lando, Luke décide d'interrompre son entraînement pour porter secours à ses amis et affronter le sombre seigneur Sith."
0000-0000-6A4A-0000-L-0000-0000-B,"Star Wars, épisode VI, Le Retour du Jedi",20,1983,0000-0000-6A4A-0000-L-0000-0000-B.jpg,https://www.youtube.com/watch?v=5UfA_aKBGMc,"L'Empire galactique est plus puissant que jamais : la construction de la nouvelle arme, l’Etoile de la Mort, menace l'univers tout entier... Arrêté après la trahison de Lando Calrissian, Han Solo est remis à l'ignoble contrebandier Jabba Le Hutt par le chasseur de primes Boba Fett. Après l'échec d'une première tentative d'évasion menée par la princesse Leia, également arrêtée par Jabba, Luke Skywalker et Lando parviennent à libérer leurs amis. Han, Leia, Chewbacca, C-3PO et Luke, devenu un Jedi, s'envolent dès lors pour une mission d'extrême importance sur la lune forestière d'Endor, afin de détruire le générateur du bouclier de l’Etoile de la Mort et permettre une attaque des pilotes de l'Alliance rebelle. Conscient d'être un danger pour ses compagnons, Luke préfère se rendre aux mains de Dark Vador, son père et ancien Jedi passé du côté obscur de la Force."
0000-0000-B1EE-0000-I-0000-0000-K,"Star Wars, épisode I, La menace fantôme",20,1999,0000-0000-B1EE-0000-I-0000-0000-K.jpg,https://www.youtube.com/watch?v=bD7bpG-zDJQ,"Il y a bien longtemps, dans une galaxie très lointaine... La République connaît de nombreux tourments : la corruption fait vaciller ses bases, le Sénat s'embourbe dans des discussions politiques sans fin et de nombreux pouvoirs dissidents commencent à émerger, annonçant la chute d'un système autrefois paisible. Puissante et intouchable, la Fédération du Commerce impose par la force la taxation des routes commerciales. Refusant de céder, la pacifique planète Naboo, dirigée par la jeune Reine Amidala, subit un blocus militaire de la Fédération. Dépêchés par le Sénat pour régler cette affaire, les chevaliers Jedi Qui-Gon Jinn et Obi-Wan Kenobi découvrent qu'une véritable offensive de la Fédération est imminente. Libérant la Reine et ses proches, ils quittent la planète mais doivent se poser sur Tatooine pour réparer leur vaisseau."
0000-0000-3F2B-0000-N-0000-0000-5,"Star Wars, épisode II, L’Attaque des clones",20,2002,0000-0000-3F2B-0000-N-0000-0000-5.jpg,https://www.youtube.com/watch?v=gYbW1F_c9eM,"Depuis le blocus de la planète Naboo par la Fédération du commerce, la République, gouvernée par le Chancelier Palpatine, connaît une véritable crise. Un groupe de dissidents, mené par le sombre Jedi comte Dooku, manifeste son mécontentement envers le fonctionnement du régime. Le Sénat et la population intergalactique se montrent pour leur part inquiets face à l'émergence d'une telle menace.Certains sénateurs demandent à ce que la République soit dotée d'une solide armée pour empêcher que la situation ne se détériore davantage. Parallèlement, Padmé Amidala, devenue sénatrice, est menacée par les séparatistes et échappe de justesse à un attentat. Le Padawan Anakin Skywalker est chargé de sa protection. Son maître, Obi-Wan Kenobi, part enquêter sur cette tentative de meurtre et découvre la constitution d'une mystérieuse armée de clones."
0000-0002-CA8C-0000-R-0000-0000-U,"Star Wars, épisode III, La Revanche des Sith",20,2005,0000-0002-CA8C-0000-R-0000-0000-U.jpg,https://www.youtube.com/watch?v=5UnjrG_N8hU,"La Guerre des Clones fait rage. Une franche hostilité oppose désormais le Chancelier Palpatine au Conseil Jedi. Anakin Skywalker, jeune Chevalier Jedi pris entre deux feux, hésite sur la conduite à tenir. Séduit par la promesse d'un pouvoir sans précédent, tenté par le côté obscur de la Force, il prête allégeance au maléfique Darth Sidious et devient Dark Vador. Les Seigneurs Sith s'unissent alors pour préparer leur revanche, qui commence par l'extermination des Jedi. Seuls rescapés du massacre, Yoda et Obi-Wan se lancent à la poursuite des Sith. La traque se conclut par un spectaculaire combat au sabre entre Anakin et Obi-Wan, qui décidera du sort de la galaxie."
0000-0005-2B96-0000-Z-0000-0000-6 ,Julie en 12 chapitres,1,2021,0000-0005-2B96-0000-Z-0000-0000-6.jpg,https://www.youtube.com/watch?v=mwPR9UeRy4Q,"Julie, bientôt 30 ans, n’arrive pas à se fixer dans la vie. Alors qu’elle pense avoir trouvé une certaine stabilité auprès d’Aksel, 45 ans, auteur à succès, elle rencontre le jeune et séduisant Eivind."
0000-0001-07AD-0000-Y-0000-0000-9,Mon Voisin Totoro,24,1988,0000-0001-07AD-0000-Y-0000-0000-9.jpg,https://www.youtube.com/watch?v=92a7Hj0ijLs,"Mei, 4 ans, et Satsuki, 10 ans, s’installent à la campagne avec leur père pour se rapprocher de l’hôpital où séjourne leur mère. Elles découvrent la nature tout autour de la maison et, surtout, l’existence d’animaux étranges et merveilleux, les Totoros, avec qui elles deviennent très amies. Un jour, alors que Satsuki et Mei attendent le retour de leur mère, elles apprennent que sa sortie de l’hôpital a été repoussée. Mei décide alors d’aller lui rendre visite seule. Satsuki et les gens du village la recherchent en vain. Désespérée, Satsuki va finalement demander de l’aide à son voisin Totoro."
0000-0005-D5ED-0000-I-0000-0000-K,Nomadland,18,2021,0000-0005-D5ED-0000-I-0000-0000-K.jpg,https://www.youtube.com/watch?v=6sxCFZ8_d84,"Après l’effondrement économique de la cité ouvrière du Nevada où elle vivait, Fern décide de prendre la route à bord de son van aménagé et d’adopter une vie de nomade des temps modernes, en rupture avec les standards de la société actuelle. De vrais nomades incarnent les camarades et mentors de Fern et l’accompagnent dans sa découverte des vastes étendues de l’Ouest américain."
0000-0000-794A-0000-4-0000-0000-P,Thelma et Louise,18,1991,0000-0000-794A-0000-4-0000-0000-P.jpg,https://www.youtube.com/watch?v=2iBFmKlO4BY,"Deux amies, Thelma et Louise, frustrées par une existence monotone l'une avec son mari, l'autre avec son petit ami, décident de s'offrir un week-end sur les routes magnifiques de l'Arkansas. Premier arrêt, premier saloon, premiers ennuis et tout bascule. Un événement tragique va changer définitivement le cours de leurs vies."
